<?xml version="1.0" encoding="UTF-8"?>
<project-private xmlns="http://www.netbeans.org/ns/project-private/1">
    <editor-bookmarks xmlns="http://www.netbeans.org/ns/editor-bookmarks/2" lastBookmarkId="0"/>
    <open-files xmlns="http://www.netbeans.org/ns/projectui-open-files/2">
        <group>
            <file>file:/D:/KULIAH%20ONLINE/RPLDDI/src/rplddi/Frame1.java</file>
            <file>file:/D:/KULIAH%20ONLINE/RPLDDI/src/rplddi/HomeAftLogin.java</file>
            <file>file:/D:/KULIAH%20ONLINE/RPLDDI/src/rplddi/TriLineAftLogin.java</file>
            <file>file:/D:/KULIAH%20ONLINE/RPLDDI/src/ClassCode/Order.java</file>
            <file>file:/D:/KULIAH%20ONLINE/RPLDDI/src/rplddi/Frame2.java</file>
            <file>file:/D:/KULIAH%20ONLINE/RPLDDI/src/rplddi/LoginPage.java</file>
            <file>file:/D:/KULIAH%20ONLINE/RPLDDI/src/rplddi/RegisterPage.java</file>
        </group>
    </open-files>
</project-private>
